"","x.Root_Flood_Duration","x.Platform_HT_Frequency","x.Root_Drainage_Depth_cm","x.Drainage_Amplitude_cm"
"1",1,0.402320102742291,-0.884412327235833,-0.333299286566244
"2",0.402320102742291,1,-0.359159749658093,-0.19175460988083
"3",-0.884412327235833,-0.359159749658093,1,0.457726482021309
"4",-0.333299286566244,-0.19175460988083,0.457726482021309,1
