"","x.Root_Flood_Duration","x.Platform_HT_Frequency","x.Root_Drainage_Depth_cm","x.Drainage_Amplitude_cm"
"1",NA,7.57439161014339e-06,0,0.000256202137844053
"2",7.57439161014339e-06,NA,7.51620952352816e-05,0.0392009744290664
"3",0,7.51620952352816e-05,NA,2.39203858054537e-07
"4",0.000256202137844053,0.0392009744290664,2.39203858054537e-07,NA
