"","Veg_Metric","Sum Sq","Mean Sq","NumDF","DenDF","F value","Pr(>F)"
"1","abiotic_cover",6158.82837718154,2052.94279239385,3,72.8551047271332,38.4172711002063,5.35432465852104e-15
"2","SPALT",2355.09361205098,785.031204016995,3,70.4211149325065,16.7672790043279,2.5474555808747e-08
"3","high_marsh_grams",7795.58461345768,2598.52820448589,3,68.3737550827496,56.1572544488978,2.02398624521377e-18
"4","Canopy_Height_cm",414.851898810146,138.283966270049,3,73.3283918385209,2.94128761322927,0.0386379790279747
