"","term","df","sumsq","meansq","statistic","p.value","metric"
"1","high_marsh_grams",1,36.6681198532974,36.6681198532974,3.55061928106307,0.0648125109005682,"high_marsh"
"2","Residuals",55,567.998546813369,10.3272463056976,NA,NA,"high_marsh"
"3","SPALT_short",1,2.35719347801995,2.35719347801995,0.215247554724233,0.644516229603865,"Short SPALT"
"4","Residuals",55,602.309473188647,10.9510813307027,NA,NA,"Short SPALT"
"5","open_water",1,14.6701414766235,14.6701414766235,1.36756361565756,0.247274071452021,"Open WAter"
"6","Residuals",55,589.996525190043,10.7272095489099,NA,NA,"Open WAter"
